<?xml version="1.0" encoding="UTF-8" ?>
<configuration scan="true" scanPeriod="60 seconds">
	<appender name="FILE"
		class="ch.qos.logback.core.rolling.RollingFileAppender">
		<!-- 当前Log文件名 -->
		<file>${tsied.log.dir}/logs/syslog.log</file>
		<rollingPolicy class="ch.qos.logback.core.rolling.TimeBasedRollingPolicy">
			<!-- 非当天的Log文件压缩备份为 archive/ldap-pwd.2016-03-01.zip -->
			<fileNamePattern>${tsied.log.dir}/logs/archive/project.%d{yyyy-MM-dd}.zip
			</fileNamePattern>
			<!-- 超过30天的备份文件会被删除 -->
			<maxHistory>30</maxHistory>
		</rollingPolicy>
		<layout class="ch.qos.logback.classic.PatternLayout">
			<Pattern>%d{yyyy-MM-dd HH:mm:ss.SSS} [%thread] %-5level %logger{50} -
				%msg%n</Pattern>
		</layout>
		<!--日志文件最大的大小 -->
		<triggeringPolicy
			class="ch.qos.logback.core.rolling.SizeBasedTriggeringPolicy">
			<MaxFileSize>50MB</MaxFileSize>
		</triggeringPolicy>
	</appender>
	
	<appender name="STDOUT"
		class="ch.qos.logback.core.ConsoleAppender">
		<layout class="ch.qos.logback.classic.PatternLayout">
			<Pattern>%d{yyyy-MM-dd HH:mm:ss.SSS} [%thread] %-5level %logger{50} -
				%msg%n</Pattern>
		</layout>
	</appender>
	
	<root level="INFO">
		<appender-ref ref="STDOUT" />
		<appender-ref ref="FILE" />
	</root>
</configuration>