{
  "size": 0,
  "query": {
    "filtered": {
      "query": {
        "query_string": {
          "query": "*",
          "analyze_wildcard": true
        }
      },
      "filter": {
        "bool": {
          "must": [
            {
              "range": {
                "@timestamp": {
                  "gte": 1461686400000,
                  "lte": 1461772799999,
                  "format": "epoch_millis"
                }
              }
            }
          ],
          "must_not": []
        }
      }
    }
  },
  "aggs": {
    "ad_domain": {
      "terms": {
        "field": "refer.raw",
        "size": 0,
        "order": {
          "_count": "desc"
        }
      }
    }
  }
}