<?xml version="1.0" encoding="UTF-8"?>
<!DOCTYPE mapper  
  PUBLIC "-//mybatis.org//DTD Mapper 3.0//EN"  
  "http://mybatis.org/dtd/mybatis-3-mapper.dtd">  
<mapper namespace="com.etl.entity.GameMysql">
  	<select id="selectGame" parameterType="_game"  resultType="_game">
 		select gid gid,
 		       title title
 		 from g_game
 		 <where>
 		  	1 = 1
 		  	<if test="title != null">
 		  		and title=#{title}
 		  	</if>
 		  	<if test="gid != null and gid != 0">
 		  		and gid=#{gid}
 		  	</if>
 		 </where>
 	</select>
 </mapper>	